{
  "accuracy": 0.835,
  "precision_weighted": 0.8379,
  "recall_weighted": 0.835,
  "f1_weighted": 0.8361,
  "confusion_matrix": [
    [
      112,
      42,
      0
    ],
    [
      65,
      258,
      102
    ],
    [
      4,
      117,
      1300
    ]
  ],
  "classification_report": {
    "BAJO": {
      "precision": 0.6187845303867403,
      "recall": 0.7272727272727273,
      "f1-score": 0.6686567164179105,
      "support": 154.0
    },
    "MEDIO": {
      "precision": 0.6187050359712231,
      "recall": 0.6070588235294118,
      "f1-score": 0.6128266033254157,
      "support": 425.0
    },
    "CRITICO": {
      "precision": 0.927246790299572,
      "recall": 0.9148486980999296,
      "f1-score": 0.9210060219624513,
      "support": 1421.0
    },
    "accuracy": 0.835,
    "macro avg": {
      "precision": 0.7215787855525116,
      "recall": 0.7497267496340229,
      "f1-score": 0.7341631139019258,
      "support": 2000.0
    },
    "weighted avg": {
      "precision": 0.8379300734915098,
      "recall": 0.835,
      "f1-score": 0.8360869989751516,
      "support": 2000.0
    }
  },
  "clases": [
    "BAJO",
    "MEDIO",
    "CRITICO"
  ],
  "feature_names": [
    "score_mant",
    "score_vida",
    "score_consumo",
    "score_capacidad",
    "score_alertas",
    "tipo_factor"
  ],
  "feature_importances": [
    0.5139948760532712,
    0.09429029602653007,
    0.37834693946256487,
    0.005802336997661489,
    0.0,
    0.007565551459972227
  ],
  "n_entrenamiento": 6000,
  "n_prueba": 2000,
  "profundidad": 5,
  "n_hojas": 32
}